{
    "condition": "minecraft:any_of",
    "terms": [
      {
        "condition": "minecraft:entity_properties",
        "entity": "this",
        "predicate": {
          "location": {
            "fluid": {
              "fluids": "#minecraft:water"
            }
          }
        }
      },
      {
        "condition": "minecraft:all_of",
        "terms": [
          {
            "condition": "minecraft:weather_check",
            "raining": true
          },
          {
            "condition": "minecraft:entity_properties",
            "entity": "this",
            "predicate": {
              "location": {
                "can_see_sky": true
              }
            }
          },
          {
            "condition": "minecraft:inverted",
            "term": {
              "condition": "minecraft:entity_properties",
              "entity": "this",
              "predicate": {
                "location": {
                  "biomes": "#minecraft:is_badlands"
                }
              }
            }
          },
          {
            "condition": "minecraft:inverted",
            "term": {
              "condition": "minecraft:entity_properties",
              "entity": "this",
              "predicate": {
                "location": {
                  "biomes": "#minecraft:is_savanna"
                }
              }
            }
          },
          {
            "condition": "minecraft:inverted",
            "term": {
              "condition": "minecraft:entity_properties",
              "entity": "this",
              "predicate": {
                "location": {
                  "biomes": "minecraft:desert"
                }
              }
            }
          }
        ]
      }
    ]
  }
  